osm_id,lat,lon,name,operator,network
node:5698392285,49.5249896,2.7226041,Ressons Est,TotalEnergies,TotalEnergies Charge Rapide
node:10750423772,49.5699819,2.9769102,,,
node:10862210363,49.8548905,2.5235868,Fastned Aire de Villers Betonneux,Fastned,
node:10957085841,49.5202218,2.7200606,,TotalEnergies,TotalEnergies Charge Rapide
node:11059500392,49.8862768,2.8371632,ENGIE Coeur des Hauts-de-France Ouest,Engie,Engie
node:11109171145,49.6999939,2.7880978,,Fédération Départementale d'Énergie de la Somme (FDE80) | FR*S80,FDE 80
node:12025356234,49.709435,2.7727479,Roye Supercharger,Tesla,Tesla
node:12292220271,49.8881305,2.8405997,,TotalEnergies,
way:1179707726,49.5186104,2.7196745,EnGie Resson Ouest,Greenflux,ENGIE Vianeo
node:5536470938,49.5828459,3.6438844,Intermarché Laon,Izivia,Izivia Express
node:8812230525,49.640606,3.2538829,,Power Dot France,Power Dot France
node:9037797389,49.7861209,3.3348936,,TotalEnergies,
node:10051769724,49.8588901,3.2536398,Saint-Quentin Supercharger,Tesla,Tesla Supercharger
node:10681099543,49.8189499,3.2958153,Power Dot - Gauchy,Powerdot,Power Dot France
node:12431120596,49.8298885,3.3060801,,Power Dot France,Power Dot France
node:12431128813,49.8338989,3.2884741,,Power Dot France,Power Dot France
way:835734002,49.7871325,3.3356058,Aire d'Urvillers Supercharger,Tesla,
node:7679696942,49.9128055,4.0915932,,Auchan,
node:7923607959,49.9729101,3.9193196,,DRIVECO,DRIVECO
node:11109171204,49.468399,4.117,,,ASFELD - 57563 - Place Grand Cour
node:9073795182,49.7368257,4.7440773,Charleville-Mézières Supercharger,"Tesla, Inc.",
node:10060483719,49.5921577,4.5046617,Relais Ardennes-Woinic,TotalEnergies,Total Charge Rapide
node:11109170286,49.7373815,4.7095707,,Freshmile SAS,Freshmile
node:11109170287,49.74086,4.70315,,Freshmile SAS,Freshmile
node:11109170290,49.883542,4.842865,,,08 LES HAUTES RIVIERES-pl de la mairie DC 57604
node:11109170297,49.869547,4.4275008,,Virta,MODULO
node:11109170299,49.788094,4.49431,,,ROUVROY SUR AUDRY - 57687 - Grande Rue
node:11109170300,49.924518,4.520988,,Virta,MODULO
node:11109170305,49.858676,4.744732,,Virta,MODULO
node:11109170306,49.873325,4.599876,,Virta,MODULO
node:11109170307,49.890051,4.626666,,Virta,MODULO
node:11109170308,49.838277,4.603013,,Virta,MODULO
node:11109170309,49.828116,4.625257,,Virta,MODULO
node:11109170310,49.6981479,4.4190813,,,SIGNY L ABBAYE - Plave Aristide Briand - 57592
node:11109170311,49.769178,4.340441,,,LIART - Place de la Mairie - 57724
node:11109170316,49.474329,4.578276,,,ATTIGNY DC
node:9549315388,49.8488841,5.4370097,Lidl Neufchâteau,Lidl,
node:10537962352,49.6016951,4.9571869,,Virta,MODULO
node:11549414825,50.0011124,5.0182059,,,
node:5493315878,49.6480915,5.8189535,Arlon Supercharger,Tesla,
node:9393060079,49.60785,6.087638,SuperChargy Ok - Creos Site Merl Visiteurs,Chargy,
node:12492629380,49.5090916,5.7148195,,,
node:13119274282,49.6240842,6.0482133,,TotalEnergies,
node:13311287890,49.9605511,5.8602063,,Aral,
way:1353715844,49.653139,5.8188792,,,
way:1453574086,49.5175893,5.7536154,Ionity Pulventeux,Ionity,
way:1453576704,49.6115497,5.8127378,Ionity Messancy,Ionity,
way:1459286639,49.6398557,6.0138282,,Electra,
way:1460063001,49.5178173,5.7480001,,Fastned,
way:1460070339,49.514712,5.7346642,,EVzen,
node:3815442164,49.6408784,6.270734,Mënsbech Supercharger,"Tesla, Inc.",
node:6740281628,49.5194451,6.3760185,,Aldi Süd,
node:11516194387,49.474522,6.372765,,EnBW Energie Baden-Württemberg AG,
node:11516208549,49.4745069,6.3727125,,EnBW Energie Baden-Württemberg AG,
node:12880824565,49.5822474,6.1261605,Luxembourg Urban Supercharger,Tesla,
node:5536470939,50.6454379,3.098758,Intermarché Mons-en-Barœul,Izivia,Izivia Express
node:5536470945,50.53198,3.0462314,Aire de Phalempin-Ouest,TotalEnergies Charging Services,TotalEnergies Charge Rapide
node:5536470946,50.5290438,3.0459772,Aire de Phalempin-Est,Last Mile Solutions,ENGIE Vianeo
node:7741480669,50.6318315,2.9668354,Auchan Englos - Borne de recharge,Auchan,
node:7923648961,50.3506176,3.0400634,,Bouygues Énergies et Services,pass pass électrique
node:9875835936,50.225513,3.0702981,Ionity Baralle,Ionity,IONITY Baralle
node:10301326651,50.1732469,2.8735267,Fastned Aire de Saint-Léger,Fastned France,Fastned Aire de Saint-Léger
node:10862226176,50.2615205,2.8641972,Fastned Aire de Wancourt Est,Fastned France,Fastned Aire de Wancourt Est
node:11059581188,50.5301496,3.0463018,ENGIE Phalempin Est,Greenflux,ENGIE Vianeo
node:11059589014,50.5315161,3.0458901,ENGIE Phalempin Ouest,Greenflux,ENGIE Vianeo
node:11109169199,50.4753957,2.5448661,,Freshmile | FR*FR1,Freshmile France
node:11109169211,50.2274772,3.0643557,,,Shell- France Aire de Rumaucourt HW
node:11109175894,50.225516,3.06931,,IONITY,IONITY GMBH
node:11109195039,50.5488632,3.053145,,IONITY,IONITY GMBH
node:11109195054,50.63337,2.965283,,R3,R3
node:11657482241,50.3032404,2.725461,,R3,R3
node:11659193301,50.299383,2.7390014,,Power Dot France,Power Dot France
node:11813274191,50.4051426,2.7437107,04,TotalEnergies Charging Services,TotalEnergies Charge Rapide
node:11813274192,50.4051134,2.7437554,03,TotalEnergies Charging Services,TotalEnergies Charge Rapide
node:11813274193,50.4050842,2.7438001,02,TotalEnergies Charging Services,TotalEnergies Charge Rapide
node:11813274194,50.405055,2.7438448,01,TotalEnergies,TotalEnergies Charge Rapide
node:12193985241,50.4125458,2.9813808,,R3,R3
node:12314212387,50.593358,3.0536014,,Power Dot France,Power Dot France
node:12431081428,50.5851606,3.0885918,,Izivia,225
node:12431130419,50.5843176,3.0857263,,Power Dot France,Power Dot France
node:12431130420,50.58254,3.09328,,GreenFlux Assets B.V. | FR*EVZ,EVzen
node:12456332317,50.0993497,2.8532665,,Power Dot France,Power Dot France
node:12470590055,50.6454403,3.098755,,Izivia,Izivia Express
node:12566115075,50.5154234,2.6225811,,Freshmile | FR*FR1,Freshmile France
node:12595849952,50.6040928,3.0761098,,Power Dot France,Power Dot France
node:12635977804,50.5830841,3.0927562,,Zephyre SAS,GHO Lille aeroport
node:12635977805,50.583089,3.0926986,,Zephyre SAS,GHO Lille aeroport
node:12635977806,50.583089,3.0926597,,Zephyre SAS,GHO Lille aeroport
node:12635977807,50.583092,3.0925958,,Zephyre SAS,GHO Lille aeroport
node:12816386520,50.3643035,3.0778172,,Power Dot France,Power Dot France
node:12888427395,50.4753531,2.5451275,,Freshmile | FR*FR1,Freshmile France
node:12888427396,50.4938776,2.5696805,,Power Dot France,Power Dot France
node:12888453834,50.5408087,2.6086319,,DRIVECO,DRIVECO
node:12888453837,50.52575,2.6507613,,DRIVECO,DRIVECO
node:13017620462,50.2852826,2.7417753,,Power Dot France,Power Dot France
node:13031969232,50.5810769,3.0918135,Milence Charging Hub Lille Lesquin,,
node:13357588814,50.6430658,2.7066798,,DRIVECO,DRIVECO
node:13365248723,50.6407335,2.6532462,,Power Dot France,Power Dot France
node:13366588541,50.6357388,2.7208031,,Freshmile,Freshmile
node:13374063114,50.3792441,3.0900226,,Power Dot France,Power Dot France
node:13374063136,50.3432867,3.0934801,,Power Dot France,Power Dot France
way:1027352323,50.54031,3.0731355,,TotalEnergies,Total Charge Rapide
way:1147931771,50.409641,2.9743826,Noyelles-Godault Supercharger,Tesla,Tesla Supercharger
way:1232723886,50.6299915,2.9708293,Englos Supercharger,Tesla,Tesla Supercharger
way:1299046856,50.548564,2.8261401,,Fastned,Fastned
way:1388728651,50.2774002,2.788873,,Power Dot France,Power Dot France
way:1410320842,50.5833847,3.089844,Lille Supercharger,TESLA France SARL,TESLA France SARL
node:5015528609,50.1809513,3.2473581,,LIDL France,LIDL
node:5028602586,50.339449,3.515204,,Bouygues Énergies et Services,Pass pass électrique
node:5531522030,50.3367224,3.4559761,Valenciennes Supercharger,Tesla,Tesla
node:6490562418,50.6195725,3.338835,Froyennes North,Ionity,
node:6490562419,50.6190708,3.3412428,IONITY Froyennes Sud,Ionity,
node:7265971414,50.1564524,3.2224126,,LIDL France,LIDL
node:7447484303,50.4026633,3.6690621,,DRIVECO,DRIVECO
node:7923645647,50.3463169,3.1164169,,Bouygues Énergies et Services,pass pass électrique
node:8592444961,50.6070243,3.1647075,,Power Dot France,Power Dot France
node:10272502548,50.5957096,3.1320906,,Freshmile SAS,Freshmile
node:11059578853,50.3398214,3.4700366,Engie La Sentinelle Est,Greenflux,ENGIE Vianeo
node:11059582157,50.3405097,3.4666163,Engie La Sentinelle Ouest,Greenflux,ENGIE Vianeo
node:11109195030,50.381036,3.478509,,R3,R3
node:11514724889,50.147649,3.2213386,,Power Dot France,Power Dot France
node:11516915981,50.1768971,3.2354238,,Bouygues Énergies et Services,Pass pass électrique
node:12460887054,50.1627688,3.2493586,,DRIVECO,DRIVECO
node:12466489273,50.6433284,3.1431107,,Power Dot France,Power Dot France
node:12466489274,50.6423666,3.1431642,,Power Dot France,Power Dot France
node:12613167939,50.6158006,3.1286311,,R3,R3
node:12905586213,50.4610676,3.5676623,,Power Dot France,Power Dot France
node:13004007273,50.3500643,3.5214987,,Power Dot France,Power Dot France
node:13022378974,50.3989224,3.5409204,,Eoliberty,Super U Bruay Sur L Escaut - T2
node:13022378982,50.3989253,3.5409304,,Eoliberty,Super U Bruay Sur L Escaut - CCS
node:13048874154,50.3348034,3.5173144,,Allego,Carrefour Energies
node:13374063121,50.3466399,3.1490272,,DRIVECO,DRIVECO
node:6425533507,50.4910773,4.0957788,Le Roeulx / Thieu North,Ionity,Ionity
node:6425533508,50.4873357,4.0961403,Le Roeulx / Thieu South,Ionity,Ionity
node:7291403488,50.6150846,4.29927,Nivelles E19 Brussels Paris,Allego,
node:7352381155,50.4909434,4.0956041,Luminus Q8 E19 Nord Le Roeulx fastcharger,Luminus,
node:7352452444,50.4874219,4.0963359,Luminus Q8 Thieu Sud E 19 fastcharger Le Roeulx,Luminus,
node:8340064287,50.4390234,3.9465514,Lidl Mons - Hyon-Avenue du Bélian,Lidl,
node:9535748394,50.4409359,3.8462935,Lidl Quaregnon,Lidl,
node:9549514171,50.3150536,4.1321484,Lidl Erquelinnes,Lidl,
node:9549514172,50.4078538,3.8890744,Lidl Frameries,Lidl,
node:9549514173,50.4709155,3.9190205,Lidl Ghlin,Lidl,
node:9549514174,50.4556295,3.9747446,Lidl Mons-Chaussée du Roeulx,Lidl,
node:10082902414,50.2408312,4.2449762,Lidl Beaumont,Lidl,
node:11052931907,50.2817287,3.9573167,,Power Dot France,Power Dot France
node:11061609791,50.6075508,4.132868,Power Dot,Powerdot,
node:11062060605,50.6075119,4.1329575,Power Dot,Powerdot,
node:12616339644,50.4070513,4.2386762,,,Fastned
way:1244240832,50.4566186,3.9402944,Tesla Mons Supercharger,Tesla,
way:1459805789,50.2808924,3.9064939,,TotalEnergies,TotalEnergies Charge Rapide
node:3002112311,50.588808,4.3080281,Nivelles-Sud Supercharger,Tesla,
node:7105688160,50.5993796,4.7905756,,Luminus,
node:7105688161,50.5994206,4.7905838,,Luminus,
node:7291387879,50.6147951,4.300128,Nivelles E19 Paris Brussels,Allego,
node:7291403499,50.4939812,4.7019484,Jemeppe-sur-Sambre E42 Mons-Liege,Allego,
node:7636255611,50.4859455,4.7971637,Namur Supercharger,Tesla,
node:8048384449,50.5738287,4.6905635,Delvaux Percy Audi Fast Charger (DC),Audi,
node:10576747065,50.4523732,4.4302268,Charleroi Supercharger,Tesla,
node:11109170288,50.10205,4.807788,,,CHOOZ - Rue Paul Emile Janson - 57639
node:12427006049,50.4145911,4.496005,,Sparki,
node:12497844163,50.4897939,4.8938897,Namur - Quick Champion,Electra,
node:12590723999,50.5674075,4.6908445,Borne de recharge Powerdot,Powerdot,
node:12761846366,50.0835903,4.5241476,Couvin Supercharger,Tesla,
node:12772545901,50.1963919,4.5338684,Philippeville - Burger King,Electra,
node:12943522603,50.0691847,4.5040984,,Fastned,Fastned
node:12992623525,50.4956215,4.7009984,,CircleK,
node:12992623532,50.4955806,4.7009453,,CircleK,
node:12992623545,50.4955287,4.7008998,,CircleK,
node:12992623546,50.4954784,4.7008831,,CircleK,
node:7257911078,50.1442961,5.0789022,Houyet E411 Wanlin direction Brussels - Allego fastcharger,Allego,
node:7257911083,50.144091,5.0782271,Houyet E411 Wanlin direction Luxemburg - Allego fastcharger,Allego,
node:8363550913,50.5930933,5.302958,Aire de Verlaine Nord,Q8,
node:8363550916,50.5923422,5.3038514,Aire de Verlaine Sud,Q8,
way:975718930,50.0783407,5.1318784,Wellin,Ionity,
node:6132760107,50.5921985,5.8485722,Verviers Supercharger,Tesla,
node:7216299723,50.483864,5.700334,Remouchamps Supercharger,Tesla,
node:7681320016,50.3062213,5.7125495,,Allego,
node:7762267184,50.48936,5.8448432,Lidl Spa,Lidl,
node:7881012194,50.1818421,6.0235701,,,
node:9544699497,50.5996752,5.8525797,Lidl Dison,Lidl,
node:9544699499,50.6072945,5.5163048,Lidl Seraing,Lidl,
node:9674216227,50.6362098,6.0213566,Lidl Wolvertem,Lidl,
node:10556749977,50.4223198,6.0290158,,,
node:10970783011,50.6396369,6.0156074,,,
node:11890826547,50.3397295,6.0831372,,,
node:12028809174,50.6287921,5.6237705,,,
node:12412784676,50.5820636,5.8479613,,Fastned,Fastned
way:1095186589,50.5638529,5.5485659,Lidl Boncelles,Lidl,
way:1327258315,50.2487732,5.7367346,Fastned Vielsalm Baraque de Fraiture,Fastned,Fastned
node:9089138918,50.4462767,6.1243227,,Hotel des Bains,Tesla
node:5536470930,50.8266052,2.5857555,Aire de Saint-Laurent,Sodetrel Mobilité,Corri-dor
node:8018476048,51.20551,2.8713789,Fastned Oostende luchthaven,Fastned,Fastned
node:8022404145,51.0643932,2.6735617,IONITY Veurne,Ionity,
node:9535748391,51.0330518,2.8728994,Lidl Diksmuide,Lidl,
node:9547091916,51.1501416,2.9555216,Lidl Gistel,Lidl,
node:10681099541,50.7375076,2.5495791,Power Dot - Parc d'Activité de la Creule - Hazebrouck,Power Dot France,Power Dot France
node:11033002057,50.6618807,3.0700171,,E-TOTEM,Réseau e-Totem Infrastructures
node:11109171691,50.8332961,2.5431384,Borne de charge rapide IECharge,NW IECharge,Winnezeele
node:11109171768,50.723262,2.538045,,Bouygues Énergies et Services,Pass pass électrique
node:12105705162,51.1243249,3.0320074,ALDI EERNEGEM,Aldi,Optiload Energy
node:12415304438,50.7661192,3.0082739,,DRIVECO,DRIVECO
node:12475391196,50.6581643,3.0740401,,Power Dot France,Power Dot France
node:12946477168,51.0598485,2.6656132,,Decat,
node:12946477169,51.0598809,2.6656855,,Decat,
node:12946477170,51.0599143,2.6657625,,Decat,
node:13240800241,50.8294167,2.5803749,TotalEnergies,TotalEnergies,TotalEnergies Charge Rapide
node:13241076463,50.8270211,2.58494,Ionity,Ionity,IONITY Saint Laurent
node:13245247913,51.0631314,2.5211597,,DRIVECO,DRIVECO
node:13294650475,50.8036171,2.5780089,,Izivia,SYSTEME U
node:13294650476,50.803618,2.5780736,,Izivia,SYSTEME U
node:13333045190,50.7311103,2.7446271,,Power Dot France,Power Dot France
node:13351128584,50.685837,2.8417392,,Izivia,SYSTEME U
node:13351128585,50.6858891,2.8418517,,Izivia,SYSTEME U
node:13351128592,50.6866991,2.8403583,,Ionity,IONITY Nieppe
node:13383107842,50.6827949,2.8729224,,Power Dot France,Power Dot France
way:1346451925,50.9417502,3.0567298,Laadplein Voeders Decadt,,Powerland
way:1409534613,51.0702468,2.65641,Randparking Veurne,Allego,Allego
node:3808723774,51.0745583,3.681011,Lidl Mariakerke,Lidl,
node:6425495018,50.805509,3.274515,Kortrijk Supercharger,Tesla,
node:8516431764,50.9219551,3.1506364,Fastned Roeselare R.Plaza,Fastned,
node:8945447912,51.2243661,3.2266012,,Total,
node:9011010431,51.221078,3.2004535,,TotalEnergies,
node:9293627596,51.0832363,3.4445933,Fastned Aalter,Fastned,Fastned
node:9483951919,51.0487056,3.6811125,,TotalEnergies,
node:9484262991,51.0461657,3.6906925,,TotalEnergies,
node:9484262997,51.04619,3.690659,,TotalEnergies,
node:10051164238,50.7420238,3.1446626,Neuville-en-Ferrain Supercharger,Tesla,Tesla Supercharger
node:10259663399,50.7372173,3.1617597,,,
node:10259663401,50.7374002,3.162001,,,
node:10259663402,50.7373585,3.1619459,,,
node:10259663403,50.7372491,3.1618043,,,
node:10259663404,50.7372729,3.1618349,,,
node:10259663405,50.7373109,3.161882,,,
node:10278762616,50.919089,3.1715666,Fastned Roeselare-Rumbeke,Fastned,
node:10656597673,50.8827798,3.4257354,,TotalEnergies Waregem,E-Flux
node:10656597674,50.8827649,3.4257815,,TotalEnergies Waregem,E-Flux
node:10656597675,50.8827503,3.4258287,,TotalEnergies Waregem,E-Flux
node:10671604226,51.1025771,3.4560632,,Autohandel Wouter bvba,
node:10683165885,50.675552,3.1169334,Power Dot - Ibis Styles - Marcq-en-Baroeul,Power Dot France,Power Dot France
node:10683165886,50.6795412,3.1105122,Power Dot - Hotel Mercure - Marcq en Baroeul,Power Dot France,Power Dot France
node:11109168904,50.6986596,3.2090789,,Freshmile SAS,Freshmile
node:11109171668,50.7366,3.132103,,Freshmile,Freshmile
node:11109175887,50.68201,3.222288,,R3,R3
node:11191278975,50.9197657,3.1720482,,,
node:11270587092,51.104759,3.4351607,,,
node:11298688580,51.0228939,3.6966134,,Allego,
node:11626440689,51.0542355,3.6981549,,Allego,Allego
node:11626452435,51.0540887,3.6985053,,Allego,Allego
node:11626452563,51.054205,3.6982022,,Allego,Allego
node:11626459515,51.1428058,3.1328716,,DATS 24,DATS 24
node:11683815459,50.9011673,3.4055065,,Hypercharger,
node:11683815460,50.9011128,3.4055691,,Hypercharger,
node:11683815461,50.9010597,3.405632,,Hypercharger,
node:11758071444,50.8994084,3.4010299,,powerland,
node:11758121117,50.8745263,3.4414522,,,
node:11894166603,50.8482982,3.2627978,Fastned Ringlaan,Fastned,Fastned
node:11903947406,50.9089733,3.207944,Meensesteenweg 1,Allego,
node:12026796787,50.969557,3.1878441,,Ghesquière,
node:12094047233,50.8978678,3.3995661,Sint-Eloois-Vijve Gentseweg 520TN01,Allego,
node:12094047234,50.8978285,3.3995939,Sint-Eloois-Vijve Gentseweg 520TN01,Allego,
node:12094146105,50.8983858,3.4030659,IONITY - Waregem - 524 Gentseweg,Ionity,
node:12094146106,50.8983712,3.4030328,IONITY - Waregem - 524 Gentseweg,Ionity,
node:12094146107,50.8983559,3.4030001,IONITY - Waregem - 524 Gentseweg,Ionity,
node:12094146108,50.8983422,3.4029699,IONITY - Waregem - 524 Gentseweg,Ionity,
node:12099439739,51.1794859,3.1128944,,DATS 24,
node:12105325079,50.8983321,3.4029445,IONITY - Waregem - 524 Gentseweg,Ionity,
node:12105336597,50.8983995,3.4030887,IONITY - Waregem - 524 Gentseweg,Ionity,
node:12176965007,51.0172435,3.6686392,,Shell Recharge Solutions,
node:12196419473,51.0749583,3.4484255,,Q8,
node:12422466680,50.7405507,3.1338887,,R3,R3
node:12461950936,50.6805117,3.1255748,,Allego,Carrefour Energies
node:12486867364,50.7355299,3.1735308,,Power Dot France,Power Dot France
node:12798631401,50.9190363,3.1998669,,Lidl,
node:12798638312,50.9170087,3.1987001,,Aldi,
node:12958967794,50.9996076,3.3134374,,,
node:13017259862,51.0043238,3.3272013,,Allego,Allego
node:13373768757,51.0673245,3.6809279,,TotalEnergies,
node:13373768758,51.0673377,3.6808041,,TotalEnergies,
way:991790223,51.1699669,3.1966872,Brugge Supercharger,Tesla,Tesla
way:1362020297,51.0146054,3.1135161,,E-Flux,
way:1378748620,50.9973171,3.3173895,,DATS 24,DATS24
way:1409192404,51.0785304,3.4495147,,,
node:5815055381,51.0950622,4.0118582,Lokeren Supercharger,Tesla,
node:6425495015,50.9214427,4.0326604,Aalst Supercharger,Tesla,
node:6658873330,50.9707866,3.8442676,IONITY Wetteren Noord,Ionity,
node:6658873331,50.9694724,3.8417429,IONITY Wetteren Zuid,Ionity,
node:6757575883,50.922717,3.9741023,Allego laadpunt,Allego,
node:8022498293,50.9706895,3.8439534,IONITY Wetteren Noord,Ionity,
node:8022498294,50.9694431,3.8416324,IONITY Froyennes Zuid,Ionity,
node:8048387314,50.6765861,4.2743061,Lidl Braine-le-Château,Lidl,
node:9433430968,50.7431813,4.2452814,,Audi Don Bosco,
node:9468726990,50.7278158,4.2130362,,Optimile,DATS24
node:9468814678,50.6979587,4.2051464,Lidl Tubize,Lidl,Lidl
node:9533329870,50.7940724,4.283106,Lidl Sint-Pieters-Leeuw,Lidl,
node:9535748393,51.166335,4.1527562,Lidl Sint-Niklaas,Lidl,
node:9547106190,50.8778854,3.8176753,Lidl Zottegem,Lidl,
node:9547106191,51.0226812,3.7757992,Lidl Melle,Lidl,
node:9547106192,51.0515922,3.7614859,Lidl Destelbergen,Lidl,
node:9547106193,51.1975101,3.8254442,Lidl Zelzate,Lidl,
node:9674162222,50.8705387,4.160309,Lidl Ternat,Lidl,
node:10002191989,50.7302825,4.2224514,,,DATS24
node:10095342977,50.7597684,4.251202,,,Allego
node:10578564327,50.9695366,3.8419261,IONITY Wetteren Zuid,Ionity,
node:10578564328,50.969481,3.8417193,IONITY Wetteren Zuid,Ionity,
node:10578564329,50.9694989,3.8418395,IONITY Wetteren Zuid,Ionity,
node:10578564330,50.9695119,3.8418235,IONITY Wetteren Zuid,Ionity,
node:10578581274,50.9707565,3.8441438,IONITY Wetteren Noord,Ionity,
node:10578581275,50.9707471,3.8441701,IONITY Wetteren Noord,Ionity,
node:10578581276,50.9707222,3.8440525,IONITY Wetteren Noord,Ionity,
node:10578581506,50.9695301,3.8419439,IONITY Wetteren Zuid,Ionity,
node:11030672572,50.7268696,4.2591277,,,Fastned
node:11258487842,50.9281236,3.9581954,Fastned Erpe Mere,Fastned,Fastned
node:12097949561,51.0211286,3.7087083,,Allego,
node:12097949562,51.0212484,3.7086373,,Allego,
node:12097949563,51.0212658,3.7086797,,Allego,
node:12138332418,51.0704586,3.9198802,,,Total Energies
node:12138427643,51.0704615,3.9199484,,,Total Energies
node:12138427644,51.0704645,3.9200135,,,Total Energies
node:12138427645,51.0704734,3.9200763,,,Total Energies
node:12149354785,51.0893763,3.8113687,,,Allego
node:12149467860,50.7240598,4.2279768,,Allego,
node:12921820029,51.1852548,4.2892619,,,
node:4178908879,50.8777363,4.4119197,,Luminus,
node:4696334505,50.861376,4.3541716,Engie,Allego,
node:5686004404,50.8332728,4.3785682,Lidl Elsene-Graystraat,Lidl,
node:5830789334,50.7112513,4.6047591,Carrefour - Quick Allego fastcharger Wavre,Allego,
node:6132708730,50.8877219,4.453072,Machelen Supercharger,Tesla,
node:6242290201,50.8715537,4.3553033,,Allego,
node:6342189137,50.690115,4.6184813,Decathlon Wavre Luminus Fast Charger,Luminus,
node:6380824388,50.7080757,4.5982543,Wavre Supercharger,Tesla,
node:6423620279,51.1510931,4.4325563,Edegem Supercharger,Tesla,
node:8972200428,50.9361363,4.4757633,Fastned Peutie Oost,Fastned,
node:8972200429,50.9383645,4.4754789,Fastned Peutie West,Fastned,
node:9420861770,51.0397452,4.4599718,,Blue Corner,
node:9444231067,50.8686206,4.5451071,Fastned Everberg Zuid,Fastned,
node:9444231068,50.8699564,4.5453295,Fastned Everberg Noord,Fastned,
node:9533329869,50.9481866,4.3151199,Lidl Wolvertem,Lidl,
node:9535748390,51.2334944,4.8303916,Lidl Lille,Lidl,
node:9545302724,50.8651478,4.5150222,Lidl Sterrebeek,Lidl,
node:9549501299,50.7377478,4.3319989,Lidl Sint-Genesius-Rode,Lidl,
node:9550192524,51.1378492,4.4368552,Lidl Kontich,Lidl,
node:9550192525,51.1860778,4.3705546,Lidl Hoboken,Lidl,
node:9632900970,51.0088403,4.5093947,Lidl Mechelen,Lidl,
node:9632900971,50.9619435,4.584023,Lidl Kampenhout,Lidl,
node:9632900980,51.0572527,4.636859,Lidl Putte,Lidl,
node:9658402910,50.839923,4.3243534,Lidl Anderlecht,Lidl,
node:9734340213,50.850528,4.3341176,Lidl Molenbeek,Lidl,
node:9734388322,50.8375079,4.5408341,Lidl Tervuren,Lidl,
node:9734388323,50.8961172,4.4316034,Lidl Machelen,Lidl,
node:9836424873,50.8786893,4.3731165,Brussels Supercharger,Tesla,
node:9926933614,50.9618578,4.5841725,Lidl Kampenhout bike,Lidl,
node:10140456464,51.1245488,4.3724969,,Nissan,
node:10243422621,50.8809081,4.4506002,,Allego,
node:10612983006,50.8446985,4.4675603,Lidl Kraainem,Lidl,
node:10695472574,50.9190853,4.4260305,,Total,
node:10700603535,51.1264874,4.4330596,Fastned Carpool Kontich,Fastned,Fastned
node:10902090199,50.8698819,4.5020029,Zaventem Supercharger,Tesla,
node:10972192021,50.841224,4.3843268,Mobility Hub,Shell Recharge Solutions,
node:11002286062,50.8808733,4.4505662,,Allego,
node:11186835772,50.8482146,4.4087467,,,
node:11196282224,51.1809279,4.3890392,,,
node:11212501955,50.9087758,4.3862205,Ionity Living Tomorrow Brussels,Ionity,Ionity
node:11218055518,51.1626877,4.4278574,,Shell Recharge Solutions,
node:11438898385,50.6848671,4.3764993,TotalEnergies,TotalEnergies,
node:11459161919,51.161378,4.3852556,,Volvo Cars,
node:11769918551,50.793351,4.3078294,,SHELL DOWNSTREAM SERVICES INTERNATIONAL,
node:11787576396,51.0949646,4.3679304,,,
node:11787576397,51.0949728,4.3678322,,,
node:11787576408,51.0949928,4.3677388,,,
node:11811191231,50.6990417,4.3616009,,Electra,
node:11884359103,50.8939657,4.3233772,,Electra,Electra
node:11884359104,50.8939535,4.323445,,Electra,Electra
node:11884359105,50.8939413,4.3235132,,Electra,Electra
node:12052855793,50.8558758,4.4100436,,Eranovum,
node:12151745290,50.683479,4.3662467,,TotalEnergies,
node:12810455685,50.8507952,4.3908297,Delhaize Chazal,Electra,
node:12813639846,51.198841,4.6434892,,,Elektra
node:12945288037,51.1626407,4.427884,,Shell Recharge Solutions,
node:12992753861,50.8347441,4.5267735,,Shell Recharge,Shell Recharge
node:13114235082,50.6990796,4.3616356,,Electra,
node:13114425397,50.7093133,4.4056648,Shell Recharge,Shell Recharge Solutions,
way:989053666,51.2322573,4.4059541,,,
way:989054115,51.2334816,4.4059454,,,
way:1236958750,51.1894176,4.4039027,,Allego,
way:1337344976,51.2081624,4.4395745,,TotalEnergies,
way:1346428092,51.1921061,4.420023,,TotalEnergies,TotalEnergies
way:1374192285,50.9063201,4.8699794,,Fastned,Fastned
way:1386113407,51.1202799,4.4503616,,Sparki,Sparki
way:1388817939,50.9062911,4.4616494,Delhaize Melsbroek,Electra,Electra
way:1422274394,51.1139606,4.6463071,,,
way:1427491939,51.0596434,4.6431835,,Q8,
way:1443492616,50.8898676,4.5431809,,MegaCharge,
way:1450884763,51.1370393,4.3771838,Tesla Supercharger Antwerp-Aartselaar,Tesla,
node:5579153321,50.9932995,5.2421887,Heusden-Zolder Supercharger,Tesla,
node:5951114979,50.7527605,4.9517581,,Allego,Allego
node:6425533509,50.6518909,5.4737961,Bierset,Ionity,
node:6539873967,51.1698512,4.9883465,Lidl Geel,Lidl,
node:6656013178,50.8126042,5.1514735,DATS 24,DATS 24,
node:6656027592,50.8126163,5.1515651,DATS 24,DATS 24,
node:9386071610,50.95202,4.998123,Fastned Bekkevoort,Fastned,
node:9510519301,50.9787196,4.9582928,Laadstation Lidl Scherpenheuvel-Zichem,Lidl,
node:9535748392,51.218503,5.4283759,Lidl Overpelt,Lidl,
node:9544699500,50.6817359,5.4649573,Lidl Awans,Lidl,
node:9674232034,50.9782151,4.9587956,Lidl Wolvertem,Lidl,
node:9812594295,50.8952886,5.4009969,Fastned Diepenbeek Zuid,Fastned,
node:9820756201,50.8958286,5.4038696,Fastned Diepenbeek Noord,Fastned,
node:9859780884,51.1698277,4.9883619,Lidl Geel,Lidl,Lidl
node:10236310912,50.9516687,5.3532026,Hasselt Supercharger,Tesla,
node:10779140774,51.0682714,5.223875,,Allego,
node:11144531916,51.0272628,5.2256525,,,
node:11769974451,51.0111622,5.3335313,Fastcharge Station Allego Zolder Zuid Zonhoven,Allego GmbH (Belgium),
node:11873800508,50.7081115,5.2527185,TotalEnergies,,
node:12699003916,50.8126261,5.1516497,DATS 24,DATS 24,
node:12856117700,50.8953181,5.400888,Fastned Diepenbeek Zuid,Fastned,
node:12856162897,50.8957977,5.4039793,Fastned Diepenbeek Noord,Fastned,
node:13188896773,50.9312422,5.4655193,,,
way:1332901047,51.006556,5.2715853,Allego fastcharger,Allego,
way:1437146529,50.9253109,5.3181275,Hyperfast Ablon Hasselt,,
way:1456038229,50.9679285,5.0766777,,,
way:1456291105,50.9751404,5.0418249,IONITY Diest,Ionity,
node:3127457676,50.9894104,5.7815227,Urmond Supercharger,Tesla,
node:5631906458,51.2012005,5.9872668,,,
node:6239577265,51.0936013,5.7772481,Lidl Laadpaal,,
node:6268147047,50.7768705,5.7297349,Fastned Patiel,Fastned,
node:6268149887,51.010486,5.8004827,Fastned Swentibold,Fastned,
node:6268642135,51.2207732,5.808904,Fastned Ellerbrug,Fastned,
node:6268653656,50.7860262,5.7277811,Fastned Knuvelkes,Fastned,
node:6714867896,50.8929475,5.9557028,,Allego,
node:7681277575,50.9883538,5.7791149,,Allego,
node:7756425363,50.6553541,5.7109798,Tignée,Ionity,
node:7775077656,50.6552965,5.7109619,,Ionity,
node:8541168131,50.916924,6.0229829,Vattenfall InCharge,Vattenfall InCharge,
node:9533389735,50.7383209,5.6665736,Lidl Haccourt -Oupeye-Av. Libert Froidmo,Lidl,
node:9535748388,50.6672064,5.5575715,Lidl Rocourt,Lidl,
node:9544699498,50.6613837,5.6310265,Lidl Herstal,Lidl,
node:9664305627,50.8172472,6.0657858,,Aldi,
node:9679728268,50.9205574,5.6857078,,,
node:9712298688,50.836514,6.0799455,,Aldi,ALDI elektrisiert
node:9810944549,50.8164089,5.725316,Maastricht Supercharger,"Tesla, Inc.",
node:9818108806,50.835124,5.509925,Fastned Hoeselt Oost,Fastned,
node:9820765517,50.954381,5.694728,Fastned Carpool Maasmechelen,Fastned,
node:10261209657,50.8350776,6.0771569,,EWE Go GmbH,McDonald’s
node:10269134959,51.2440864,5.695971,,,
node:10567155606,50.67129,5.5432535,Liège Supercharger,Tesla,
node:10694598377,51.1137046,5.867951,Fastned Bosserhof,Fastned,
node:10705167706,51.0574462,5.8250619,Fastned Het Anker,Fastned,
node:11758887316,51.1731774,6.0250958,,LEAP24,
node:11980291708,50.6554652,5.7109804,Tignée,Ionity,
node:11980291709,50.6554391,5.710984,Tignée,Ionity,
node:11980291710,50.655412,5.7109855,Tignée,Ionity,
node:11980291711,50.6553824,5.7109835,Tignée,Ionity,
node:11980291712,50.6553257,5.7109728,Tignée,Ionity,
node:12027991827,50.6863097,5.6433009,,Electra,Electra
node:12079990920,50.6525055,6.0031614,,CenEnergy,
node:12461097075,50.8930448,5.9555507,Heerlen Supercharger,"Tesla, Inc.",
node:12534000976,50.8678015,6.0983523,,Fastned,
node:12777777931,50.7845444,6.0789714,Ponttor - ESG Aachen,STAWAG,ladenetz.de
node:12787616003,50.8234551,6.0181462,Fastned Tienbaan,Fastned,
node:12961310534,50.7790653,6.0825223,AC-Mitte - Hirschgraben,STAWAG,ladenetz.de
node:13022721430,51.0172302,5.9001873,,ALDI SÜD Immobilienverwaltungs-GmbH & Co. oHG,Aldi
way:1080286070,50.9811531,5.8264941,,LEAP24,
way:1249990247,50.7701469,6.0725524,HPC-Ladepark Schanz,STAWAG,
way:1286198347,50.7908446,6.0967392,HPC-Ladepark HIT Sütterlin,STAWAG,
node:3534140371,50.7830209,6.1010558,,STAWAG,
node:6164283628,50.7182714,6.1197375,Total E40 Raeren Lichtenbusch Nord,Allego,
node:6212581485,50.7813202,6.1617147,,STAWAG,
node:8165847021,50.7170398,6.1188336,TOTAL E40 Lichtenbusch Sud,Allego,
node:8431216564,50.7759206,6.1117641,,EnBW Energie Baden-Württemberg AG,
node:9175238318,50.8339215,6.3138955,,EWV,Ladenetz
node:9675022210,50.8176831,6.2139118,,,
node:9675026732,50.8173396,6.2167313,,,
node:9879307985,50.7971271,6.1554104,,STAWAG,
node:10605606199,51.1031259,6.1709457,,EnBW Energie Baden-Württemberg AG,
node:10605606200,51.103104,6.1708947,,EnBW Energie Baden-Württemberg AG,
node:11019070187,51.1840201,6.4404397,,,
node:11019090265,51.1840293,6.4403492,,,
node:11500044654,50.8253314,6.2474276,,BP Europe SE,
node:12330712474,51.0747125,6.3053587,,EnBW Energie Baden-Württemberg AG,
node:12330712475,51.0746909,6.3054233,,EnBW Energie Baden-Württemberg AG,
node:12330712476,51.0746377,6.3055888,,EnBW Energie Baden-Württemberg AG,
node:12330712477,51.0746594,6.3055242,,EnBW Energie Baden-Württemberg AG,
node:12461116150,51.1441485,6.4267659,Mönchengladbach Supercharger,"Tesla, Inc.",
node:12739149787,50.8710561,6.1028027,,Lidl,
node:13022756618,51.100433,6.158703,,NEW Niederrhein Energie und Wasser GmbH,
way:1192363853,50.7828519,6.1008688,HPC-Ladepark STAWAG,STAWAG,
way:1457092647,50.8421551,6.1092506,,EWV,
way:1458568846,51.1955178,6.4126853,,Ionity,
node:7180843818,51.4800684,3.6367916,Allego,Allego,
node:8205799854,51.4802529,3.636457,Middelburg Supercharger,"Tesla, Inc.",
node:11028396401,51.3260771,3.6675951,,Groen Goud Biervliet,
node:11028396402,51.3260785,3.6677442,,Groen Goud Biervliet,
node:11028396403,51.3260778,3.6678622,,Groen Goud Biervliet,
node:11028396404,51.3261264,3.6678596,,Groen Goud Biervliet,
node:12425906401,51.3292332,3.2018045,,MobilityPlus,
way:1246281724,51.4552581,3.5924775,,LEAP24,
node:6269211493,51.4987707,3.772121,Fastned Selnisse,Fastned,
node:6269219527,51.484297,3.851018,Fastned Vliedberg,Fastned,
node:11022365265,51.4200899,4.186673,,,Shell Recharge
node:11049644249,51.4249968,4.087873,Fastned Voetpomp,Fastned,
node:12784778214,51.2657919,4.2859374,Milence Charging Hub Antwerp Ketenis,Milence Service Holding bv,
node:13384301288,51.423612,4.0953288,Fastned Vliete,Fastned,
node:5556176579,51.5774785,4.72998,Breda Supercharger,"Tesla, Inc.",
node:5637477579,51.2589546,4.4638962,Quick Schoten,,plugsurfing
node:6425495017,51.2681134,4.4029194,Antwerp Supercharger,Tesla,
node:6593318224,51.5488465,4.5291282,Fastned Hoezaar,Fastned,
node:6593318225,51.5476491,4.5304109,Fastned Mastpolder,Fastned,
node:6593318259,51.4978519,4.7431814,Fastned Hazeldonk-Oost,Fastned,
node:6593318260,51.5002238,4.7408552,Fastned Hazeldonk-West,Fastned,
node:9249085513,51.5823267,4.7308836,Vattenfall InCharge,Vattenfall InCharge,
node:9526792000,51.3014357,4.4372299,Lidl Kapellen,Lidl,
node:9535686049,51.3465541,4.7669593,Lidl Rijkevorsel,Lidl,
node:9550192523,51.2609605,4.5067311,Lidl Schoten,Lidl,
node:9632900981,51.256968,4.6227886,Lidl Zoersel,Lidl,
node:9632900982,51.3062076,4.5659793,Lidl Brecht-Beukenlei,Lidl,
node:9812588047,51.5966333,4.4953379,Fastned 't Hol,Fastned,
node:9818240287,51.3216629,4.5859401,Fastned Brecht Oost,Fastned,
way:1192621619,51.3511154,4.6436982,,E-Flux,
way:1379640158,51.28705,4.388158,Milence charging hub Antwerp Goordijk,Commercial Vehicle Charging Europe B.V.,
way:1391582325,51.5665141,4.4697969,Roosendaal Supercharger,Tesla,
node:5540581565,51.4071796,5.479579,Eindhoven Supercharger,"Tesla, Inc.",
node:5926507604,51.406914,5.4793823,,Van der Valk Hotels & Restaurants,
node:6268654995,51.5590813,5.3567307,Fastned Velder,Fastned,
node:6269187673,51.562321,5.075246,Fastned Jan Heijnsstraat (Albert Heijn),Fastned,
node:6269201503,51.5563637,5.3619057,Fastned Ooiendonk,Fastned,
node:8287449975,51.4362219,5.4230985,,Allego,
node:8287449977,51.5013892,5.4162257,Ecotap Best,Ecotap,
node:8522099154,51.4342178,5.4506102,Fastned Limburglaan (Albert Heijn),Fastned,
node:8522099155,51.3241088,5.2227783,Fastned De Beerze,Fastned,
node:8522099156,51.3215685,5.2195591,Fastned Het Goor,Fastned,
node:9370905423,51.5430696,5.1117938,Tilburg Supercharger,"Tesla, Inc.",
node:9533383363,51.2707351,5.0785624,Lidl Retie - Turnhoutsebaan,Lidl,
node:9823451331,51.5354097,5.4787628,Fastned Sonse Heide,Fastned,
node:9823502861,51.4917375,5.3504811,Fastned Kloosters,Fastned,
node:10678504471,51.491921,5.3638722,Fastned Kriekampen,Fastned,
node:10983679735,51.5541991,4.9524938,Fastned Nerhoven,Fastned,
node:10995014079,51.5377175,5.0416716,Combo,,
node:10995698668,51.5413874,5.0599663,,,
node:11230781844,51.4909229,5.4245044,Best Supercharger,"Tesla, Inc.",
node:11401280979,51.5030468,5.4143337,Ionity Best,Ionity,Ionity
node:11700649158,51.4992988,5.4637462,,50five,
node:11700649159,51.4992996,5.4638257,,50five,
node:13378371088,51.313468,4.9900019,,Lidl,
node:13397748189,51.5018908,5.4907474,Alva,,
node:3414515182,51.3797847,5.9847913,,Allego,
node:5340830224,51.5041115,6.0213702,Allego Romeinse Put West,Allego,
node:5540605095,51.4700469,6.0570996,Horst Supercharger,"Tesla, Inc.",
node:7551665242,51.3800462,5.9855815,Ionity Sevenum,Ionity,Ionity
node:7674836531,51.506327,6.0218222,Allego Romeinse Put Oost,Allego,
node:8074915715,51.2551075,5.7667479,Allego Nederweert Noord Meiberg,Allego,
node:8165872446,51.2546052,5.7651129,Allego Nederweert Zuid Roevenpeel,Allego,
node:8522099153,51.4044262,5.8108698,Fastned Het Gevlocht,Fastned,
node:9812425330,51.322139,5.5933848,Fastned 't Haasje,Fastned,
node:9818214653,51.4038354,5.5380249,Fastned Meelakkers,Fastned,
node:9820819525,51.3252575,5.5922416,Fastned Groote Bleek,Fastned,
node:9967510600,51.5180322,5.9799953,,Ecotap,
node:10097688815,51.2818396,5.650913,Weert Supercharger,"Tesla, Inc.",
node:10692980830,51.254718,5.7687298,Fastned Meiberg,Fastned,
node:10694537903,51.3764493,5.9853953,Fastned Midden Peelweg,Fastned,
node:11452163782,51.2771817,5.7396636,Vattenfall InCharge,Vattenfall InCharge,
node:11869379079,51.5471504,5.9971519,Venray Supercharger,"Tesla, Inc.",
node:5873228548,51.3279898,6.2118642,,Stadtwerke Nettetal GmbH,
node:5873247027,51.522965,6.3489347,,Stadtwerke Geldern,
node:6222661282,51.3290113,6.1954278,,Stadtwerke Nettetal GmbH,
node:10733381500,51.5849824,6.2403668,,,
node:10733381501,51.5850109,6.2404221,,,
node:11497750843,51.3851224,6.2147695,Fastned Venlose Heide,Fastned,
node:12352348538,51.4419965,6.4155412,,Kox Lebensmittel OHG,
node:12352348539,51.4420011,6.4155325,,Kox Lebensmittel OHG,
node:12543429247,51.3899012,6.100242,Milence Charging Hub Venlo,Milence,
node:13026831181,51.4566884,6.3797552,,Frischecenter Brüggemeier GmbH,
way:1435137861,51.4086923,6.34016,,Brüggemeier Management GmbH,
way:1452950307,51.4425325,6.4138577,,,
